Local time,Ask,Bid,AskVolume,BidVolume
17.11.2025 01:30:00.786 GMT-0000,112.405,111.995,0.012,0.012
17.11.2025 01:30:01.240 GMT-0000,112.40299999999999,111.99700000000001,0.0031,0.0161
17.11.2025 01:30:01.342 GMT-0000,112.40299999999999,112.09700000000001,0.0031,0.0031
17.11.2025 01:30:03.197 GMT-0000,112.404,112.19600000000001,0.0031,0.0031
17.11.2025 01:30:03.698 GMT-0000,112.404,112.296,0.0031,0.0031
17.11.2025 01:30:04.201 GMT-0000,112.404,112.19600000000001,0.0031,0.0161
17.11.2025 01:30:04.252 GMT-0000,112.40299999999999,112.197,0.0031,0.0031
17.11.2025 01:30:09.585 GMT-0000,112.303,112.09700000000001,0.0031,0.0161
17.11.2025 01:30:10.037 GMT-0000,112.304,112.096,0.0031,0.0031
17.11.2025 01:30:12.047 GMT-0000,112.303,112.09700000000001,0.0031,0.0161
17.11.2025 01:30:12.148 GMT-0000,112.405,112.396,0.009,0.0031
17.11.2025 01:30:12.550 GMT-0000,112.503,112.397,0.0031,0.0031
17.11.2025 01:30:12.651 GMT-0000,112.40299999999999,112.29700000000001,0.0031,0.0031
17.11.2025 01:30:14.154 GMT-0000,112.303,112.296,0.0031,0.009
17.11.2025 01:30:14.505 GMT-0000,112.303,112.197,0.0031,0.0031
17.11.2025 01:30:16.058 GMT-0000,112.304,112.096,0.0031,0.0031
17.11.2025 01:30:19.767 GMT-0000,112.304,112.19600000000001,0.0031,0.0031
17.11.2025 01:30:20.268 GMT-0000,112.204,112.096,0.0031,0.0031
17.11.2025 01:30:21.121 GMT-0000,112.304,112.096,0.0031,0.0031
17.11.2025 01:30:21.624 GMT-0000,112.20299999999999,112.09700000000001,0.0031,0.0031
17.11.2025 01:30:23.202 GMT-0000,112.20299999999999,112.19600000000001,0.0031,0.009
17.11.2025 01:30:23.655 GMT-0000,112.40299999999999,112.29700000000001,0.0031,0.0031
17.11.2025 01:30:24.660 GMT-0000,112.40299999999999,112.197,0.0031,0.0161
17.11.2025 01:30:24.712 GMT-0000,112.40299999999999,112.197,0.0031,0.0031
17.11.2025 01:30:28.519 GMT-0000,112.404,112.296,0.0031,0.0031
17.11.2025 01:30:37.160 GMT-0000,112.404,112.19600000000001,0.0031,0.0031
17.11.2025 01:30:39.816 GMT-0000,112.404,112.296,0.0031,0.0031
17.11.2025 01:30:40.618 GMT-0000,112.40299999999999,112.197,0.0031,0.0161
17.11.2025 01:30:40.818 GMT-0000,112.40299999999999,112.197,0.0031,0.0031
17.11.2025 01:30:56.472 GMT-0000,112.40299999999999,112.29700000000001,0.0031,0.0031
17.11.2025 01:31:09.687 GMT-0000,112.404,112.19600000000001,0.0031,0.0031
17.11.2025 01:31:16.071 GMT-0000,112.304,112.19600000000001,0.0031,0.0031
17.11.2025 01:31:34.988 GMT-0000,112.204,112.096,0.0031,0.0031
17.11.2025 01:33:41.957 GMT-0000,112.20299999999999,111.99700000000001,0.0031,0.0161
17.11.2025 01:33:42.459 GMT-0000,112.104,111.99600000000001,0.0031,0.0031
17.11.2025 01:34:32.398 GMT-0000,112.103,112.096,0.0031,0.009
17.11.2025 01:34:32.849 GMT-0000,112.303,112.197,0.0031,0.0031
17.11.2025 01:34:50.277 GMT-0000,112.304,112.096,0.0031,0.0161
17.11.2025 01:34:50.328 GMT-0000,112.303,112.09700000000001,0.0031,0.0031
17.11.2025 01:34:51.382 GMT-0000,112.303,112.197,0.0031,0.0031
17.11.2025 01:36:37.893 GMT-0000,112.304,112.096,0.0031,0.0031
17.11.2025 01:36:38.398 GMT-0000,112.20299999999999,112.09700000000001,0.0031,0.0031
17.11.2025 01:37:00.153 GMT-0000,112.103,112.096,0.0031,0.009
17.11.2025 01:37:01.190 GMT-0000,112.104,111.99600000000001,0.0031,0.0031
17.11.2025 01:43:23.008 GMT-0000,112.204,112.096,0.0031,0.0031
17.11.2025 01:43:26.747 GMT-0000,112.204,111.99600000000001,0.0031,0.0161
17.11.2025 01:43:27.752 GMT-0000,112.20299999999999,111.99700000000001,0.0031,0.0031
17.11.2025 01:43:34.417 GMT-0000,112.204,112.096,0.0031,0.0031
17.11.2025 01:44:03.624 GMT-0000,112.104,111.99600000000001,0.0031,0.0031
17.11.2025 01:44:12.797 GMT-0000,112.204,112.096,0.0031,0.0031
17.11.2025 01:44:33.788 GMT-0000,112.20299999999999,111.99700000000001,0.0031,0.0161
17.11.2025 01:44:34.791 GMT-0000,112.204,111.99600000000001,0.0031,0.0031
17.11.2025 01:44:37.098 GMT-0000,112.204,112.096,0.0031,0.0031
17.11.2025 01:44:43.091 GMT-0000,112.104,112.095,0.0031,0.009
17.11.2025 01:44:43.592 GMT-0000,112.104,111.99600000000001,0.0031,0.0031
17.11.2025 01:47:16.124 GMT-0000,112.004,111.995,0.0031,0.009
17.11.2025 01:47:16.627 GMT-0000,112.004,111.896,0.0031,0.0031
17.11.2025 01:47:18.884 GMT-0000,111.90299999999999,111.79700000000001,0.0031,0.0031
17.11.2025 01:51:43.220 GMT-0000,112.003,111.897,0.0031,0.0031
17.11.2025 01:51:44.222 GMT-0000,112.003,111.79700000000001,0.0031,0.0161
17.11.2025 01:51:44.723 GMT-0000,112.003,111.79700000000001,0.0031,0.0031
17.11.2025 01:52:03.619 GMT-0000,111.904,111.796,0.0031,0.0031
17.11.2025 01:52:52.711 GMT-0000,111.804,111.795,0.0031,0.009
17.11.2025 01:52:53.012 GMT-0000,111.804,111.69600000000001,0.0031,0.0031
17.11.2025 01:59:27.685 GMT-0000,111.704,111.69500000000001,0.0031,0.009
17.11.2025 01:59:28.187 GMT-0000,111.70299999999999,111.59700000000001,0.0031,0.0031
17.11.2025 02:00:13.283 GMT-0000,111.803,111.697,0.0031,0.0031
17.11.2025 02:00:38.298 GMT-0000,111.70299999999999,111.69600000000001,0.0031,0.009
17.11.2025 02:00:38.799 GMT-0000,111.704,111.596,0.0031,0.0031
17.11.2025 02:01:37.865 GMT-0000,111.704,111.69500000000001,0.0031,0.009
17.11.2025 02:01:37.916 GMT-0000,111.803,111.697,0.0031,0.0031
17.11.2025 02:03:23.843 GMT-0000,111.704,111.69500000000001,0.0031,0.009
17.11.2025 02:03:24.801 GMT-0000,111.70299999999999,111.59700000000001,0.0031,0.0031
17.11.2025 02:05:09.295 GMT-0000,111.803,111.697,0.0031,0.0031
17.11.2025 02:05:39.779 GMT-0000,111.90299999999999,111.79700000000001,0.0031,0.0031
17.11.2025 02:05:52.561 GMT-0000,112.003,111.897,0.0031,0.0031
17.11.2025 02:05:58.626 GMT-0000,111.904,111.895,0.0031,0.009
17.11.2025 02:05:59.130 GMT-0000,111.90299999999999,111.79700000000001,0.0031,0.0031
17.11.2025 02:06:34.298 GMT-0000,111.804,111.795,0.0031,0.009
17.11.2025 02:06:35.300 GMT-0000,111.804,111.69600000000001,0.0031,0.0031
17.11.2025 02:11:45.571 GMT-0000,111.90299999999999,111.79700000000001,0.0031,0.0031
17.11.2025 02:15:08.211 GMT-0000,112.003,111.897,0.0031,0.0031
17.11.2025 02:15:08.712 GMT-0000,112.004,111.796,0.0031,0.0031
17.11.2025 02:15:21.857 GMT-0000,112.003,111.897,0.0031,0.0031
17.11.2025 02:15:24.218 GMT-0000,112.004,111.796,0.0031,0.0161
17.11.2025 02:15:25.220 GMT-0000,112.004,111.796,0.0031,0.0031
17.11.2025 02:15:31.182 GMT-0000,111.904,111.796,0.0031,0.0031
17.11.2025 02:18:32.524 GMT-0000,111.803,111.796,0.0031,0.009
17.11.2025 02:18:33.027 GMT-0000,111.803,111.697,0.0031,0.0031
17.11.2025 02:19:37.185 GMT-0000,111.904,111.796,0.0031,0.0031
17.11.2025 02:19:53.857 GMT-0000,112.003,111.897,0.0031,0.0031
17.11.2025 02:20:40.625 GMT-0000,112.003,111.79700000000001,0.0031,0.0161
17.11.2025 02:20:40.676 GMT-0000,112.004,111.796,0.0031,0.0031
17.11.2025 02:20:41.127 GMT-0000,111.904,111.796,0.0031,0.0031
17.11.2025 02:26:23.278 GMT-0000,111.803,111.796,0.0031,0.009
17.11.2025 02:26:24.281 GMT-0000,111.803,111.697,0.0031,0.0031
17.11.2025 02:36:33.463 GMT-0000,111.70299999999999,111.59700000000001,0.0042,0.0042
17.11.2025 02:47:15.356 GMT-0000,111.803,111.697,0.0042,0.0042
17.11.2025 02:51:07.860 GMT-0000,111.704,111.69500000000001,0.0031,0.009
17.11.2025 02:51:08.362 GMT-0000,111.704,111.596,0.0031,0.0031
17.11.2025 02:51:35.059 GMT-0000,111.803,111.697,0.0031,0.0031
17.11.2025 02:52:52.405 GMT-0000,111.70299999999999,111.69600000000001,0.0031,0.009
17.11.2025 02:52:52.907 GMT-0000,111.704,111.596,0.0031,0.0031
17.11.2025 02:53:15.262 GMT-0000,111.803,111.59700000000001,0.0031,0.0031
17.11.2025 02:53:23.316 GMT-0000,111.803,111.697,0.0031,0.0031
17.11.2025 02:53:37.612 GMT-0000,111.803,111.59700000000001,0.0031,0.0161
17.11.2025 02:53:38.614 GMT-0000,111.803,111.59700000000001,0.0031,0.0031
17.11.2025 02:53:44.280 GMT-0000,111.70299999999999,111.59700000000001,0.0031,0.0031
17.11.2025 02:53:55.807 GMT-0000,111.804,111.596,0.0031,0.0031
17.11.2025 02:54:37.767 GMT-0000,111.804,111.69600000000001,0.0031,0.0031
17.11.2025 02:54:50.150 GMT-0000,111.804,111.596,0.0031,0.0031
17.11.2025 02:56:09.045 GMT-0000,111.804,111.69600000000001,0.0031,0.0031
17.11.2025 02:58:36.944 GMT-0000,111.70299999999999,111.69600000000001,0.0031,0.009
17.11.2025 02:58:37.446 GMT-0000,111.804,111.69600000000001,0.0031,0.0031
17.11.2025 03:01:51.202 GMT-0000,111.704,111.69500000000001,0.0031,0.009
17.11.2025 03:01:52.203 GMT-0000,111.704,111.596,0.0031,0.0031
17.11.2025 03:02:38.704 GMT-0000,111.804,111.69600000000001,0.0031,0.0031
17.11.2025 03:03:35.229 GMT-0000,111.70299999999999,111.69600000000001,0.0031,0.009
17.11.2025 03:03:35.730 GMT-0000,111.803,111.697,0.0031,0.0031
17.11.2025 03:04:20.644 GMT-0000,111.904,111.69600000000001,0.0031,0.0031
17.11.2025 03:04:39.157 GMT-0000,111.90299999999999,111.79700000000001,0.0031,0.0031
17.11.2025 03:06:38.295 GMT-0000,111.803,111.796,0.0031,0.009
17.11.2025 03:06:39.298 GMT-0000,111.803,111.697,0.0031,0.0031
17.11.2025 03:09:02.669 GMT-0000,111.804,111.795,0.0031,0.009
17.11.2025 03:09:02.719 GMT-0000,111.904,111.796,0.0031,0.0031
17.11.2025 03:09:31.663 GMT-0000,111.803,111.796,0.0031,0.009
17.11.2025 03:09:32.665 GMT-0000,111.804,111.69600000000001,0.0031,0.0031
17.11.2025 03:14:15.373 GMT-0000,111.704,111.69500000000001,0.0031,0.009
17.11.2025 03:14:16.379 GMT-0000,111.70299999999999,111.59700000000001,0.0031,0.0031
17.11.2025 03:14:38.901 GMT-0000,111.804,111.596,0.0031,0.0031
17.11.2025 03:14:39.403 GMT-0000,111.704,111.596,0.0031,0.0031
17.11.2025 03:29:18.917 GMT-0000,111.604,111.49600000000001,0.0042,0.0042
17.11.2025 03:34:20.892 GMT-0000,111.503,111.49600000000001,0.0031,0.009
17.11.2025 03:34:21.395 GMT-0000,111.504,111.396,0.0031,0.0031
17.11.2025 03:39:43.899 GMT-0000,111.604,111.49600000000001,0.0031,0.0031
17.11.2025 03:41:53.599 GMT-0000,111.70299999999999,111.49700000000001,0.0031,0.0031
17.11.2025 03:41:54.100 GMT-0000,111.70299999999999,111.59700000000001,0.0031,0.0031
17.11.2025 03:52:12.967 GMT-0000,111.803,111.697,0.0042,0.0042
17.11.2025 03:54:49.126 GMT-0000,111.804,111.596,0.0031,0.0161
17.11.2025 03:54:49.627 GMT-0000,111.70299999999999,111.69600000000001,0.0031,0.009
17.11.2025 03:54:50.129 GMT-0000,111.70299999999999,111.59700000000001,0.0031,0.0031
17.11.2025 03:54:51.233 GMT-0000,111.804,111.596,0.0031,0.0031
17.11.2025 03:54:51.736 GMT-0000,111.803,111.697,0.0031,0.0031
17.11.2025 03:58:33.441 GMT-0000,111.90299999999999,111.79700000000001,0.0031,0.0031
17.11.2025 05:00:00.466 GMT-0000,111.904,111.796,0.0042,0.0042
17.11.2025 05:00:01.169 GMT-0000,111.803,111.697,0.0042,0.0042
17.11.2025 05:00:01.521 GMT-0000,111.803,111.796,0.0031,0.009
17.11.2025 05:00:02.022 GMT-0000,111.803,111.697,0.0031,0.0031
17.11.2025 05:01:23.766 GMT-0000,111.904,111.796,0.0031,0.0031
17.11.2025 05:02:00.802 GMT-0000,111.90299999999999,111.697,0.0031,0.0031
17.11.2025 05:02:01.304 GMT-0000,111.804,111.69600000000001,0.0031,0.0031
17.11.2025 05:08:07.995 GMT-0000,111.803,111.59700000000001,0.0031,0.0031
17.11.2025 05:08:08.447 GMT-0000,111.704,111.596,0.0031,0.0031
17.11.2025 05:12:00.562 GMT-0000,111.803,111.59700000000001,0.0031,0.0031
17.11.2025 05:12:01.064 GMT-0000,111.804,111.69600000000001,0.0031,0.0031
17.11.2025 05:15:50.716 GMT-0000,111.804,111.596,0.0031,0.0161
17.11.2025 05:15:51.285 GMT-0000,111.70299999999999,111.69600000000001,0.0031,0.009
17.11.2025 05:15:51.737 GMT-0000,111.704,111.596,0.0031,0.0031
17.11.2025 05:20:11.954 GMT-0000,111.70299999999999,111.49700000000001,0.0031,0.0161
17.11.2025 05:20:12.456 GMT-0000,111.603,111.596,0.0031,0.009
17.11.2025 05:20:12.958 GMT-0000,111.603,111.49700000000001,0.0031,0.0031
17.11.2025 06:01:30.780 GMT-0000,111.604,111.396,0.0031,0.0031
17.11.2025 06:01:31.282 GMT-0000,111.503,111.397,0.0031,0.0031
17.11.2025 06:17:38.347 GMT-0000,111.503,111.29700000000001,0.0042,0.0042
17.11.2025 06:17:39.800 GMT-0000,111.504,111.396,0.0031,0.0031
17.11.2025 06:28:05.797 GMT-0000,111.604,111.396,0.0042,0.0042
17.11.2025 06:28:06.299 GMT-0000,111.603,111.49700000000001,0.0042,0.0042
17.11.2025 06:29:45.269 GMT-0000,111.503,111.49600000000001,0.0031,0.009
17.11.2025 06:29:46.272 GMT-0000,111.504,111.396,0.0031,0.0031
17.11.2025 06:36:59.826 GMT-0000,111.504,111.495,0.0031,0.009
17.11.2025 06:36:59.977 GMT-0000,111.604,111.49600000000001,0.0031,0.0031
17.11.2025 06:57:48.352 GMT-0000,111.503,111.397,0.0042,0.0042
17.11.2025 07:17:42.944 GMT-0000,111.604,111.49600000000001,0.0042,0.0042
17.11.2025 07:30:59.215 GMT-0000,111.70299999999999,111.59700000000001,0.0042,0.0042
17.11.2025 07:35:13.226 GMT-0000,111.804,111.69600000000001,0.0031,0.0031
17.11.2025 07:37:05.133 GMT-0000,111.704,111.69500000000001,0.0031,0.009
17.11.2025 07:37:05.636 GMT-0000,111.70299999999999,111.59700000000001,0.0031,0.0031